Year,State,SEIFA_Quintile,Actual,Adjusted
2003,ACT,Q1,18.3155148741419,31.8703570496612
2003,ACT,Q4,17.7751834188324,30.9301401611811
2003,ACT,Q5,17.9832644304222,31.292216585469
2003,Aus,Q1,11.0260574165168,18.6569046382304
2003,Aus,Q2,12.3014410002245,20.8149479894971
2003,Aus,Q3,12.6372802982828,21.3832129205557
2003,Aus,Q4,13.9751120192587,23.6469231387572
2003,Aus,Q5,16.3273390536083,27.6270652520741
2003,NSW,Q1,11.6691051112461,19.9907020275474
2003,NSW,Q2,12.5515923963227,21.5025180743549
2003,NSW,Q3,12.810078350274,21.9453382935992
2003,NSW,Q4,15.1506593572904,25.9550594364405
2003,NSW,Q5,18.0524094924039,30.9261366318583
2003,NT,Q1,18.4294697362857,33.5412462877749
2003,NT,Q2,20.1092556515202,36.5984212309412
2003,NT,Q3,17.9291823308271,32.6307337596732
2003,NT,Q4,20.7237958499807,37.7168714329955
2003,NT,Q5,20.9093346225186,38.0545480864574
2003,Qld,Q1,10.8968186510052,18.2499914206398
2003,Qld,Q2,13.301271502544,22.2769689557637
2003,Qld,Q3,13.6783131398917,22.9084382742133
2003,Qld,Q4,13.6262474165202,22.8212386028898
2003,Qld,Q5,14.9070490323766,24.9663250955208
2003,SA,Q1,9.69220005079411,16.0951473734599
2003,SA,Q2,10.1866280458721,16.9162087841448
2003,SA,Q3,10.2086060799945,16.9527061424663
2003,SA,Q4,11.648118095903,19.3432013778608
2003,SA,Q5,12.5894539204228,20.9064108395065
2003,Tas,Q1,9.37538345128558,16.5824781545852
2003,Tas,Q2,12.0877398108613,21.3798915418688
2003,Tas,Q3,10.8369362686316,19.1675636384317
2003,Tas,Q4,11.4502841149609,20.2524075081
2003,Tas,Q5,12.3301936914384,21.8087258609187
2003,Vic,Q1,11.6392448363269,19.4423644355625
2003,Vic,Q2,11.6009806103433,19.3784473140585
2003,Vic,Q3,12.2881556767106,20.5263145734228
2003,Vic,Q4,14.0204733761601,23.4200033397038
2003,Vic,Q5,16.2757652555111,27.1872758082795
2003,WA,Q1,11.5975523118193,19.6571157520855
2003,WA,Q2,12.4849171707886,21.1611429190348
2003,WA,Q3,12.8731467158854,21.8191673798144
2003,WA,Q4,14.1181091161004,23.9292997034324
2003,WA,Q5,15.579104890577,26.4055948974559
2004,ACT,Q1,20.0086808703536,32.4988387288538
2004,ACT,Q4,18.5363757702484,30.1074663881173
2004,ACT,Q5,18.5949623049665,30.2026248023987
2004,Aus,Q1,12.8750767678532,20.171667920972
2004,Aus,Q2,14.0416439394156,21.9993545450251
2004,Aus,Q3,14.304527111332,22.4112194326311
2004,Aus,Q4,15.3685320061618,24.0782194662451
2004,Aus,Q5,17.0197177093611,26.6651686768282
2004,NSW,Q1,13.3762614977683,21.1477877465214
2004,NSW,Q2,13.9956119152163,22.1269769744753
2004,NSW,Q3,14.145895099125,22.3645737705384
2004,NSW,Q4,15.8362620775515,25.0370336412921
2004,NSW,Q5,18.0177291642726,28.4859197843819
2004,NT,Q1,19.84399351887,33.3065988216616
2004,NT,Q2,20.8747903969401,35.0367111628017
2004,NT,Q3,20.6527925010992,34.6641049709587
2004,NT,Q4,21.4359518041887,35.9785769141515
2004,NT,Q5,22.5581229548429,37.8620538608931
2004,Qld,Q1,12.6597076409172,19.7243276995495
2004,Qld,Q2,14.9098653519775,23.2301628521065
2004,Qld,Q3,15.5125951780381,24.1692398782683
2004,Qld,Q4,15.1794053568618,23.6501168933272
2004,Qld,Q5,15.9569151739146,24.8615080925678
2004,SA,Q1,11.6271607512233,17.9241631490388
2004,SA,Q2,12.08298766262,18.6268554143657
2004,SA,Q3,12.3015015308988,18.9637113596095
2004,SA,Q4,13.5505745251474,20.8892535115588
2004,SA,Q5,14.345593093431,22.1148358208884
2004,Tas,Q1,11.9563700524592,19.4473194654295
2004,Tas,Q2,14.135301922931,22.9914038315499
2004,Tas,Q3,12.7977327357686,20.8158158248445
2004,Tas,Q4,13.2518961154833,21.5545233335666
2004,Tas,Q5,13.903625096952,22.6145759793019
2004,Vic,Q1,13.3611560900428,20.7124263605137
2004,Vic,Q2,13.6066443892679,21.0929816272736
2004,Vic,Q3,13.9464519601266,21.6197503620092
2004,Vic,Q4,15.3941303013181,23.8639372297896
2004,Vic,Q5,16.9675652626684,26.3030716542661
2004,WA,Q1,12.9890696690312,20.2804361791648
2004,WA,Q2,14.3675998466447,22.4327992044244
2004,WA,Q3,14.5593605656006,22.7322040980426
2004,WA,Q4,15.5314893634563,24.2500338229725
2004,WA,Q5,16.6923696067507,26.0625699233768
2005,ACT,Q1,19.0829706477733,29.2120887879906
2005,ACT,Q4,17.8013944255236,27.2502601459021
2005,ACT,Q5,17.7503188314468,27.1720739548416
2005,Aus,Q1,13.0908273804185,19.4929233703764
2005,Aus,Q2,13.9532182341576,20.7770682405772
2005,Aus,Q3,14.3783454488798,21.4101047919289
2005,Aus,Q4,15.2280511842116,22.6753608605383
2005,Aus,Q5,16.3890176153167,24.4041003068289
2005,NSW,Q1,13.3088650336558,19.9576450899904
2005,NSW,Q2,13.4774875080138,20.210507185212
2005,NSW,Q3,13.9783536559893,20.9615936823407
2005,NSW,Q4,15.0591258618327,22.5822929720849
2005,NSW,Q5,16.8957914799838,25.3365113418221
2005,NT,Q1,19.0105946746677,29.9725408834623
2005,NT,Q2,19.414723719336,30.6097000318637
2005,NT,Q3,19.2396291898804,30.3336419688526
2005,NT,Q4,19.7397345927833,31.1221196514851
2005,NT,Q5,20.6361601251096,32.5354447671078
2005,Qld,Q1,12.9835294278847,19.2564726645385
2005,Qld,Q2,14.7004493438663,21.8029159573997
2005,Qld,Q3,15.5267682422858,23.0284677126437
2005,Qld,Q4,14.9855543877075,22.2257684270416
2005,Qld,Q5,15.4541184542441,22.9207174537268
2005,SA,Q1,11.4596223355801,16.8969986834452
2005,SA,Q2,12.7180710028076,18.7525576932134
2005,SA,Q3,13.0230710775729,19.2022745958166
2005,SA,Q4,14.0141970956785,20.663671362014
2005,SA,Q5,14.9182611238772,21.9966968533335
2005,Tas,Q1,13.0274964091951,20.2619239725256
2005,Tas,Q2,14.3868833827625,22.376205538416
2005,Tas,Q3,13.1084135351333,20.3877759860159
2005,Tas,Q4,13.1959583738909,20.5239362129219
2005,Tas,Q5,14.3851894108729,22.3735708702833
2005,Vic,Q1,13.6965502163558,20.2002069773701
2005,Vic,Q2,13.734849876943,20.2566928120368
2005,Vic,Q3,13.9674749906627,20.5997774115194
2005,Vic,Q4,15.4108078511469,22.7284610623999
2005,Vic,Q5,16.350189643145,24.1138980030446
2005,WA,Q1,13.1835544998962,19.5484663808404
2005,WA,Q2,14.3933300616826,21.3423116520933
2005,WA,Q3,15.0123855658913,22.2602420715407
2005,WA,Q4,15.5405164893904,23.0433502691657
2005,WA,Q5,16.4462914684364,24.3864259720519
2006,ACT,Q1,20.9226934097421,31.3614362177058
2006,ACT,Q4,20.2542107345446,30.359434402247
2006,ACT,Q5,20.5108354667757,30.7440942552659
2006,Aus,Q1,14.9047063623983,21.5199423759625
2006,Aus,Q2,16.162051400236,23.3353416265798
2006,Aus,Q3,16.647792140617,24.0366712930956
2006,Aus,Q4,17.6212265299287,25.4421503045854
2006,Aus,Q5,19.0662653221081,27.5285484383442
2006,NSW,Q1,15.012140931292,21.8735068242234
2006,NSW,Q2,15.5203774198399,22.6140350640962
2006,NSW,Q3,16.1802589661362,23.5755184109521
2006,NSW,Q4,17.2706813135226,25.1643231501299
2006,NSW,Q5,19.4768809742825,28.3788761946354
2006,NT,Q1,21.7091556646913,32.3795199807264
2006,NT,Q2,22.7848854756753,33.9839865683087
2006,NT,Q3,22.2739059106243,33.2218531490334
2006,NT,Q4,23.5191285174296,35.079120695513
2006,NT,Q5,23.8694971533517,35.601700588655
2006,Qld,Q1,15.0979431531133,21.6356059143926
2006,Qld,Q2,17.514737766992,25.0989131550959
2006,Qld,Q3,18.2959682774792,26.2184295873535
2006,Qld,Q4,17.7177073363432,25.3897719542425
2006,Qld,Q5,18.4788151312382,26.4804521973539
2006,SA,Q1,12.318285433257,17.7198505718059
2006,SA,Q2,13.8969137422085,19.9907070067057
2006,SA,Q3,14.2540399473755,20.5044329651698
2006,SA,Q4,15.4289788793057,22.1945823303234
2006,SA,Q5,16.5323958603797,23.7818473867279
2006,Tas,Q1,15.1389896619065,22.9217985620714
2006,Tas,Q2,16.6062947622175,25.1434310943308
2006,Tas,Q3,15.8081410937807,23.9349543057164
2006,Tas,Q4,15.8145563629973,23.9446676031021
2006,Tas,Q5,17.5163651521467,26.5213599139635
2006,Vic,Q1,15.6953082390769,22.5127655953555
2006,Vic,Q2,15.6811822164915,22.4925037546566
2006,Vic,Q3,16.001096361936,22.9513766902705
2006,Vic,Q4,17.8064849687757,25.5409588695561
2006,Vic,Q5,19.0070432860408,27.2629950072632
2006,WA,Q1,15.0906068468463,21.3452599456582
2006,WA,Q2,16.8512203780081,23.8356007164368
2006,WA,Q3,17.3776047753292,24.5801573738456
2006,WA,Q4,18.2039174608291,25.7489545764628
2006,WA,Q5,19.4167725558479,27.4645056833423
2007,ACT,Q1,22.3407628437987,34.160239680842
2007,ACT,Q4,22.1206959274085,33.8237454141837
2007,ACT,Q5,22.4966991170389,34.3986747112869
2007,Aus,Q1,16.5110125050927,23.7223576126147
2007,Aus,Q2,18.0960456741685,25.9996694160595
2007,Aus,Q3,18.5470950898534,26.6477190457559
2007,Aus,Q4,19.6091741555425,28.1736714609319
2007,Aus,Q5,21.1523907624058,30.3909029123917
2007,NSW,Q1,16.465053043165,23.7781682176243
2007,NSW,Q2,17.1680335357714,24.7933844069121
2007,NSW,Q3,17.7271881589198,25.6008930528927
2007,NSW,Q4,18.8152775386903,27.1722680275231
2007,NSW,Q5,21.1460235030776,30.5382377251888
2007,NT,Q1,24.5326122735345,33.9218348643008
2007,NT,Q2,25.8701008309312,35.7712125608558
2007,NT,Q3,25.3064781289755,34.9918778529029
2007,NT,Q4,26.7271467025572,36.9562705646376
2007,NT,Q5,27.6564758984841,38.2412764648373
2007,Qld,Q1,16.8723529904146,24.071351686785
2007,Qld,Q2,19.9721107407578,28.4936962758734
2007,Qld,Q3,20.650658927449,29.461763506778
2007,Qld,Q4,20.100294063698,28.6765721230435
2007,Qld,Q5,20.7814414109445,29.6483475094052
2007,SA,Q1,13.2557103646796,18.958501323823
2007,SA,Q2,15.3677306708654,21.9791421396825
2007,SA,Q3,15.7758425489411,22.5628294237215
2007,SA,Q4,16.8698303528756,24.1274659960777
2007,SA,Q5,18.1936800896849,26.0208543017483
2007,Tas,Q1,17.3117215146162,25.9531046765204
2007,Tas,Q2,18.5454376666653,27.8026471618366
2007,Tas,Q3,17.8856410650466,26.8135040397869
2007,Tas,Q4,17.6966810944444,26.5302221089534
2007,Tas,Q5,19.6495161092234,29.4578414974552
2007,Vic,Q1,17.3151941566668,24.9403629563024
2007,Vic,Q2,17.2895473309953,24.9034219243315
2007,Vic,Q3,17.6378005312476,25.4050369299966
2007,Vic,Q4,19.6656563075465,28.325908542889
2007,Vic,Q5,21.1870677742084,30.5173107207166
2007,WA,Q1,17.1715303615587,23.8278349340897
2007,WA,Q2,19.0554102954986,26.441974684968
2007,WA,Q3,19.9428603576558,27.6734324029515
2007,WA,Q4,20.709595664499,28.7373819720881
2007,WA,Q5,22.1988227434011,30.8038871855602
2008,ACT,Q1,24.1006868131868,35.3380632636709
2008,ACT,Q4,24.3427626066523,35.6930112272039
2008,ACT,Q5,24.6901828936124,36.2024224392097
2008,Aus,Q1,18.2537167005315,25.1070407883894
2008,Aus,Q2,19.9974823892574,27.5055000715314
2008,Aus,Q3,20.4632322708948,28.1461148826027
2008,Aus,Q4,21.5681000281336,29.6658031905713
2008,Aus,Q5,23.1877449915679,31.8935408522646
2008,NSW,Q1,17.8885688332825,24.8785998857876
2008,NSW,Q2,18.6930933612694,25.9974956463501
2008,NSW,Q3,19.3323902156277,26.886600347573
2008,NSW,Q4,20.6023856040885,28.6528516011405
2008,NSW,Q5,22.8990242154615,31.8469110939431
2008,NT,Q1,27.4852866693768,36.8009051702508
2008,NT,Q2,28.6989507634989,38.4259177733062
2008,NT,Q3,26.1837402885683,35.0582242402323
2008,NT,Q4,29.9274099717054,40.0707400147674
2008,NT,Q5,30.0191164972635,40.1935287340976
2008,Qld,Q1,18.7315550678953,25.634830883518
2008,Qld,Q2,22.3082721450529,30.5297014406494
2008,Qld,Q3,22.9249646828191,31.3736681511261
2008,Qld,Q4,22.2054928347745,30.3890441258797
2008,Qld,Q5,22.9973309874376,31.4727041347289
2008,SA,Q1,15.0357033766387,20.715955114149
2008,SA,Q2,16.8298675158025,23.1879261848261
2008,SA,Q3,17.0150563521753,23.4430764445673
2008,SA,Q4,18.0331004077627,24.8457214975778
2008,SA,Q5,19.5464470527053,26.9307866510636
2008,Tas,Q1,19.622479330962,28.0001450745651
2008,Tas,Q2,20.7900242975237,29.666164332041
2008,Tas,Q3,20.161824999088,28.76976020312
2008,Tas,Q4,20.4935693369541,29.2431402195413
2008,Tas,Q5,22.7543141389122,32.4690925247382
2008,Vic,Q1,18.7522594539408,25.6281905982034
2008,Vic,Q2,18.8907721733663,25.8174920731767
2008,Vic,Q3,19.3933131381419,26.5043008100283
2008,Vic,Q4,21.4193194126046,29.273187145172
2008,Vic,Q5,23.2334456654789,31.7525029573311
2008,WA,Q1,19.8525656793334,26.0820365177725
2008,WA,Q2,21.5226381521478,28.2761555010238
2008,WA,Q3,22.407651712878,29.4388745360612
2008,WA,Q4,23.3300476495322,30.6507060389638
2008,WA,Q5,24.8145398838052,32.6010121752111
2009,ACT,Q1,26.0632275132275,36.0209738579198
2009,ACT,Q4,26.6893003943014,36.8862448559521
2009,ACT,Q5,27.2919195423876,37.7191013610983
2009,Aus,Q1,20.0756983920193,27.0529874141005
2009,Aus,Q2,21.8346975028106,29.4233249175056
2009,Aus,Q3,22.2847045495079,30.0297314660019
2009,Aus,Q4,23.395726396875,31.5268878521309
2009,Aus,Q5,25.2000381765495,33.9582863974513
2009,NSW,Q1,19.4364576147873,26.3852204510732
2009,NSW,Q2,20.4338958861019,27.7392546684479
2009,NSW,Q3,21.0638055187799,28.594364424138
2009,NSW,Q4,22.607548836303,30.6900141850147
2009,NSW,Q5,24.9165633643325,33.8245286399757
2009,NT,Q1,29.5448049476181,38.5015112720634
2009,NT,Q2,31.2248808916595,40.6909135379478
2009,NT,Q3,28.7203947042198,37.4271755187802
2009,NT,Q4,32.0368813545508,41.749077402301
2009,NT,Q5,32.0511831522073,41.7677148861042
2009,Qld,Q1,20.5830234113372,27.6578314319842
2009,Qld,Q2,24.0369322697037,32.2989197248498
2009,Qld,Q3,24.6196148442428,33.081882271357
2009,Qld,Q4,23.9347819990755,32.1616583075495
2009,Qld,Q5,24.6476984925796,33.1196188466003
2009,SA,Q1,16.796319115288,22.8620264494189
2009,SA,Q2,18.7324764586049,25.4973943588592
2009,SA,Q3,19.0213224437367,25.8905521993697
2009,SA,Q4,20.0875382471219,27.3418138555973
2009,SA,Q5,21.7127821142197,29.5539871312601
2009,Tas,Q1,22.0498191804437,30.738476012854
2009,Tas,Q2,23.0748838493476,32.1674639550621
2009,Tas,Q3,22.9536339618717,31.9984359586311
2009,Tas,Q4,23.5385058658381,32.813774662479
2009,Tas,Q5,25.73025505487,35.8691752225434
2009,Vic,Q1,20.4459481355744,27.5178563204782
2009,Vic,Q2,20.5924622591327,27.7150472051593
2009,Vic,Q3,21.2077421305879,28.5431419937852
2009,Vic,Q4,23.0517138080609,31.0249123349438
2009,Vic,Q5,25.3134322859429,34.0689210401913
2009,WA,Q1,22.3792209092269,28.5749714548757
2009,WA,Q2,23.7768501089343,30.3595382478007
2009,WA,Q3,24.4135367397345,31.1724933714225
2009,WA,Q4,24.9778361834587,31.8930207106817
2009,WA,Q5,26.6798321220175,34.0662190341578
2010,ACT,Q1,28.7960844698636,38.1814750824278
2010,ACT,Q4,29.0554305337519,38.525348753393
2010,ACT,Q5,30.2921332120377,40.1651249022912
2010,Aus,Q1,21.8258761742497,29.0166277024716
2010,Aus,Q2,23.6144663943082,31.3944867223513
2010,Aus,Q3,24.0166296315147,31.9291466295403
2010,Aus,Q4,25.2803343407831,33.6091913975924
2010,Aus,Q5,27.1923333212675,36.1511174188568
2010,NSW,Q1,21.0253200627099,28.3007639569847
2010,NSW,Q2,22.1866720323994,29.8639814427177
2010,NSW,Q3,22.8020866006996,30.6923494476378
2010,NSW,Q4,24.5208995006581,33.0059274584772
2010,NSW,Q5,26.5468401110496,35.7329093467219
2010,NT,Q1,31.4608031343253,42.1250517391977
2010,NT,Q2,33.7178365298455,45.1471503219148
2010,NT,Q3,30.0594728526286,40.2487134153431
2010,NT,Q4,35.0737969109725,46.9627397386057
2010,NT,Q5,35.5875594793729,47.6506520809297
2010,Qld,Q1,22.4559254053632,29.8603052913877
2010,Qld,Q2,26.0407958176037,34.6272130454543
2010,Qld,Q3,26.2926726726219,34.9621411168167
2010,Qld,Q4,25.7600521735358,34.253899954626
2010,Qld,Q5,26.6707225002603,35.4648451054015
2010,SA,Q1,18.8297801037971,25.172788067955
2010,SA,Q2,20.6458076073632,27.6005633909196
2010,SA,Q3,21.0834568489586,28.1856393475188
2010,SA,Q4,22.5339096962808,30.124692375591
2010,SA,Q5,24.5363619978045,32.8016916355177
2010,Tas,Q1,23.726714486123,32.8364181403616
2010,Tas,Q2,25.1997043634935,34.8749520283192
2010,Tas,Q3,24.952786446111,34.53323172877
2010,Tas,Q4,25.7266253898471,35.6041806435333
2010,Tas,Q5,27.7734905510245,38.4369251581044
2010,Vic,Q1,22.0985410414437,29.2667216268672
2010,Vic,Q2,22.0395936224577,29.188653228648
2010,Vic,Q3,23.0276598332046,30.4972219112869
2010,Vic,Q4,24.6754055212931,32.679452596775
2010,Vic,Q5,27.3336050035282,36.1999014865618
2010,WA,Q1,24.5416606798103,30.5168770452236
2010,WA,Q2,25.6398258479589,31.882415092912
2010,WA,Q3,26.1213215498551,32.481141695984
2010,WA,Q4,26.9199966817267,33.4742721575447
2010,WA,Q5,28.4642049287095,35.3944524509737
2011,ACT,Q1,32.3587679671458,42.3658378751898
2011,ACT,Q4,31.1997919973418,40.8484442560072
2011,ACT,Q5,32.652969470202,42.7510222924016
2011,Aus,Q1,23.3835358661505,30.5607541370703
2011,Aus,Q2,25.2855531560463,33.046566509232
2011,Aus,Q3,25.7288186552828,33.6258855659031
2011,Aus,Q4,26.9185243498531,35.1807532059106
2011,Aus,Q5,28.987824427839,37.8851932564289
2011,NSW,Q1,22.3138661176457,29.4091480856639
2011,NSW,Q2,23.6298573023871,31.1435933596221
2011,NSW,Q3,24.2435223566529,31.9523893952687
2011,NSW,Q4,26.146641127468,34.4606549490917
2011,NSW,Q5,28.14866440794,37.0992743087277
2011,NT,Q1,33.6929561002863,42.7919664557539
2011,NT,Q2,36.5415039876779,46.4097839390893
2011,NT,Q3,33.0316350733936,41.9520512190188
2011,NT,Q4,37.6060170861233,47.7617759894395
2011,NT,Q5,38.2565170303962,48.5879478371083
2011,Qld,Q1,24.0515396216204,31.5919197947926
2011,Qld,Q2,27.9336038107584,36.6910470203627
2011,Qld,Q3,28.2791769295188,37.1449605087658
2011,Qld,Q4,27.3285719636981,35.8963320920742
2011,Qld,Q5,28.4435644750355,37.3608850705581
2011,SA,Q1,20.4208576413943,27.039328134246
2011,SA,Q2,21.692785064075,28.7234916277074
2011,SA,Q3,22.1022191376401,29.2656246986529
2011,SA,Q4,23.7167257456945,31.4033984746964
2011,SA,Q5,26.1521686572938,34.6281768456826
2011,Tas,Q1,25.6794526694429,34.5587011664111
2011,Tas,Q2,27.3410744407368,36.7948660483083
2011,Tas,Q3,26.6071482761398,35.8071684004259
2011,Tas,Q4,27.1292631924693,36.5098162956213
2011,Tas,Q5,29.0031175756196,39.031597989735
2011,Vic,Q1,23.6110481086819,30.7811695676896
2011,Vic,Q2,23.72923131697,30.935242244075
2011,Vic,Q3,24.815680878897,32.3516210527786
2011,Vic,Q4,26.3133820657645,34.3041389580616
2011,Vic,Q5,29.1874540345131,38.0509991657312
2011,WA,Q1,26.5348050551746,32.3088521419895
2011,WA,Q2,27.3643377863425,33.3188934934341
2011,WA,Q3,27.9454362901026,34.0264406413735
2011,WA,Q4,28.6882913866486,34.9309430647876
2011,WA,Q5,30.2672528219604,36.8534908824677
2012,ACT,Q1,33.4290818363274,43.5047065350904
2012,ACT,Q4,32.96913320002,42.9061280117036
2012,ACT,Q5,34.6748686103984,45.1259771484029
2012,Aus,Q1,24.9891096900227,31.9163995247211
2012,Aus,Q2,26.9605137795743,34.434301175772
2012,Aus,Q3,27.389768904459,34.9825511228008
2012,Aus,Q4,28.6835819571363,36.6350251329507
2012,Aus,Q5,30.8539387730397,39.4070316632686
2012,NSW,Q1,23.7751907592669,30.5360779066687
2012,NSW,Q2,25.1605211058917,32.3153509236274
2012,NSW,Q3,25.7435919599635,33.0642280706216
2012,NSW,Q4,27.8701058383919,35.7954529898577
2012,NSW,Q5,30.2948431166222,38.9097062962117
2012,NT,Q1,35.8525316394632,45.0550543210079
2012,NT,Q2,38.0959919363695,47.8743594278439
2012,NT,Q3,34.3754537273136,43.1988443819863
2012,NT,Q4,39.0323382040085,49.0510443095697
2012,NT,Q5,39.3909886805801,49.5017521387039
2012,Qld,Q1,25.90085292021,33.2741491310174
2012,Qld,Q2,29.5427059128658,37.9527425334886
2012,Qld,Q3,29.8808193665124,38.3871080547514
2012,Qld,Q4,29.0324377624932,37.2972143705893
2012,Qld,Q5,29.9961534175153,38.5352746971697
2012,SA,Q1,21.8169106337585,28.1511996070816
2012,SA,Q2,23.1707252756658,29.8980787530387
2012,SA,Q3,23.8384854832291,30.7597154535023
2012,SA,Q4,25.4650455116133,32.8585284706438
2012,SA,Q5,28.0254392486549,36.1623030688973
2012,Tas,Q1,27.4333646623195,36.2566510554812
2012,Tas,Q2,29.8690074235159,39.4756601262059
2012,Tas,Q3,28.7718838748543,38.0256729970948
2012,Tas,Q4,29.2408587739694,38.6454824692575
2012,Tas,Q5,30.9083721513095,40.8493116895065
2012,Vic,Q1,24.7976898599389,31.6707295494454
2012,Vic,Q2,25.3339133847052,32.3555752075226
2012,Vic,Q3,26.3327185436673,33.6312137142039
2012,Vic,Q4,28.0529918038912,35.8282856787062
2012,Vic,Q5,30.9203747991356,39.4904054918817
2012,WA,Q1,28.7618890623013,34.3954166487063
2012,WA,Q2,29.1075200649036,34.8087456312174
2012,WA,Q3,29.7287623108774,35.551669221659
2012,WA,Q4,30.6693399382389,36.6764757082383
2012,WA,Q5,32.1120273644551,38.4017391292559
2013,ACT,Q1,36.2884146341463,46.5472238981611
2013,ACT,Q4,34.3587239282048,44.0720056708225
2013,ACT,Q5,36.083425945949,46.284284487269
2013,Aus,Q1,26.5018069404427,33.260817711642
2013,Aus,Q2,28.4513632845751,35.7075881649355
2013,Aus,Q3,29.0640782691283,36.4765697463127
2013,Aus,Q4,30.2496666992695,37.9645301991444
2013,Aus,Q5,32.4123506337901,40.6787842224886
2013,NSW,Q1,25.1409521093091,31.6086161148248
2013,NSW,Q2,26.9526956127865,33.8864417377748
2013,NSW,Q3,27.3836944193575,34.4283176286965
2013,NSW,Q4,29.5820027615967,37.1921542642283
2013,NSW,Q5,31.8904247871293,40.0944320029082
2013,NT,Q1,37.4069998103707,46.9831503793961
2013,NT,Q2,39.8099122049289,50.0012056886793
2013,NT,Q3,36.8668691330757,46.3047468462467
2013,NT,Q4,40.1416689142617,50.4178917485871
2013,NT,Q5,40.9600093768032,51.4457264642297
2013,Qld,Q1,27.4997714062649,34.681686857697
2013,Qld,Q2,30.8514065271551,38.9086441660581
2013,Qld,Q3,31.5789477815605,39.8261920826781
2013,Qld,Q4,30.4690597496256,38.4264426592375
2013,Qld,Q5,31.4244399001863,39.6313325007674
2013,SA,Q1,23.2683531253167,29.3490280496876
2013,SA,Q2,24.4742811089557,30.8700989233808
2013,SA,Q3,25.4114762503389,32.0522095069853
2013,SA,Q4,26.7140486204494,33.6951806627535
2013,SA,Q5,29.2202595897934,36.8563350272917
2013,Tas,Q1,29.32718106291,38.408872237207
2013,Tas,Q2,31.1349319293231,40.7764258017933
2013,Tas,Q3,30.7491970478679,40.2712411491169
2013,Tas,Q4,31.2138745416906,40.8798144195397
2013,Tas,Q5,32.5229455025117,42.5942628411511
2013,Vic,Q1,25.9387921287949,32.5579261814257
2013,Vic,Q2,26.449676565246,33.199179547682
2013,Vic,Q3,27.6669150760511,34.7270364109932
2013,Vic,Q4,29.560933524485,37.1043758231054
2013,Vic,Q5,32.4755247212184,40.7627206126817
2013,WA,Q1,31.0893526308699,36.6160302866593
2013,WA,Q2,30.8332539801727,36.3144056095026
2013,WA,Q3,31.7186450860021,37.3571905118295
2013,WA,Q4,32.7039897775775,38.5176975026922
2013,WA,Q5,34.0122027246839,40.0584682437685
2014,ACT,Q1,37.2336196564123,46.9275979099942
2014,ACT,Q4,35.4603672290445,44.6926694321204
2014,ACT,Q5,37.0101061556896,46.6458914364856
2014,Aus,Q1,27.966264455705,34.7264398660049
2014,Aus,Q2,29.8455432613428,37.0599893659319
2014,Aus,Q3,30.4303169239591,37.7861180722608
2014,Aus,Q4,31.6030338863795,39.2423113060707
2014,Aus,Q5,33.8527660730942,42.0358624297934
2014,NSW,Q1,26.5679908828118,33.0542151259198
2014,NSW,Q2,28.4210618798873,35.359688944061
2014,NSW,Q3,28.7738065366568,35.7985515521072
2014,NSW,Q4,30.9181486336103,38.4664064640164
2014,NSW,Q5,33.3597210695866,41.5040565784061
2014,NT,Q1,38.6394925299476,48.6481793473635
2014,NT,Q2,39.9089219055866,50.2464256982191
2014,NT,Q3,38.8143659429632,48.8683497637549
2014,NT,Q4,40.9864471233619,51.6030594584841
2014,NT,Q5,41.5310384471196,52.2887148502741
2014,Qld,Q1,28.847390158238,36.0386667370965
2014,Qld,Q2,31.9978342511127,39.9744752838722
2014,Qld,Q3,32.6899598841157,40.8391387730535
2014,Qld,Q4,31.9451333784256,39.9086367737988
2014,Qld,Q5,32.9048685351366,41.1076213363142
2014,SA,Q1,24.4708995993709,30.6805361847427
2014,SA,Q2,25.9557896432017,32.5422259250449
2014,SA,Q3,26.599116384942,33.3488006608215
2014,SA,Q4,28.0769598865603,35.2016557568373
2014,SA,Q5,30.5361546283115,38.2848858176385
2014,Tas,Q1,31.1346406576034,40.3404102462618
2014,Tas,Q2,32.036052734399,41.5083483438544
2014,Tas,Q3,32.6643139749001,42.3223714270934
2014,Tas,Q4,32.6600670439145,42.3168687800537
2014,Tas,Q5,34.6967844548016,44.9557948821548
2014,Vic,Q1,27.5875241462518,34.3484426459808
2014,Vic,Q2,27.8728111899647,34.703645440065
2014,Vic,Q3,29.1280258589909,36.2664775680542
2014,Vic,Q4,30.8555170500526,38.4173277778466
2014,Vic,Q5,33.9803847424787,42.3080117747345
2014,WA,Q1,32.6024983505841,38.2456107434273
2014,WA,Q2,32.652002127832,38.3036830474143
2014,WA,Q3,33.3889363414085,39.1681719823691
2014,WA,Q4,34.1422333454987,40.0518559161222
2014,WA,Q5,35.3773677675868,41.5007777077904
2015,ACT,Q1,39.6254589160839,50.0232831292264
2015,ACT,Q4,37.5243788152781,47.3708741064724
2015,ACT,Q5,39.5726225015339,49.9565823011007
2015,Aus,Q1,29.1441526249483,35.986338780103
2015,Aus,Q2,31.2723268550906,38.614145455924
2015,Aus,Q3,31.9029876828538,39.3928668171276
2015,Aus,Q4,33.3183664784946,41.1405347454963
2015,Aus,Q5,36.2619360647342,44.7751675212849
2015,NSW,Q1,27.6572699532774,34.1306050428697
2015,NSW,Q2,29.7629621379473,36.7291459841209
2015,NSW,Q3,30.2861398876906,37.3747763436564
2015,NSW,Q4,32.8281160303266,40.5117158861084
2015,NSW,Q5,36.0794928612002,44.5240952224476
2015,NT,Q1,40.2886043571289,50.7819870861759
2015,NT,Q2,42.3613415783188,53.3945798150395
2015,NT,Q3,40.8636858816445,51.5068516730098
2015,NT,Q4,43.9739128434612,55.4271539006571
2015,NT,Q5,44.4440772742894,56.0197751749771
2015,Qld,Q1,30.2580068287875,37.7372921894509
2015,Qld,Q2,33.3667128890187,41.6144196416943
2015,Qld,Q3,33.9295565702787,42.3163890931814
2015,Qld,Q4,33.8438017706757,42.2094371069657
2015,Qld,Q5,35.2106338401712,43.9141277520676
2015,SA,Q1,25.7508700114247,32.126690059902
2015,SA,Q2,27.4624848367349,34.2620943771261
2015,SA,Q3,27.9321358561667,34.8480292496531
2015,SA,Q4,29.0908041824869,36.2935795625318
2015,SA,Q5,32.1243999713438,40.0782824340228
2015,Tas,Q1,31.0813198726882,39.7499047071014
2015,Tas,Q2,32.7486921920605,41.8823074196564
2015,Tas,Q3,34.069020209889,43.5708751222434
2015,Tas,Q4,34.4120193305753,44.0095367497981
2015,Tas,Q5,36.7154570249907,46.9554035671276
2015,Vic,Q1,28.8698635627709,35.6744435504192
2015,Vic,Q2,29.5262659306299,36.48555889108
2015,Vic,Q3,30.7833338339172,38.0389156590245
2015,Vic,Q4,32.5524640470201,40.2250269921611
2015,Vic,Q5,36.4543502728658,45.046581468906
2015,WA,Q1,34.1950743669554,40.2056318514765
2015,WA,Q2,34.2775257935175,40.3025759805171
2015,WA,Q3,34.9943927220055,41.1454484803394
2015,WA,Q4,35.8261288747833,42.1233810678604
2015,WA,Q5,37.3663005887838,43.9342727845049
2016,ACT,Q1,41.9083837510803,52.4196614516038
2016,ACT,Q4,39.1071919830379,48.9158870036565
2016,ACT,Q5,41.6513457900534,52.0981543522781
2016,Aus,Q1,30.5120100722405,37.4043305611542
2016,Aus,Q2,32.7222239391707,40.1138069245197
2016,Aus,Q3,33.445429354185,41.0003763226933
2016,Aus,Q4,34.8470486374958,42.7186056648349
2016,Aus,Q5,37.9439794981571,46.5150984348279
2016,NSW,Q1,29.2433038387587,35.7615186181883
2016,NSW,Q2,31.2878247254668,38.2617549854068
2016,NSW,Q3,31.9037132657684,39.0149226036132
2016,NSW,Q4,34.5332039817572,42.2305162217172
2016,NSW,Q5,37.6818324092975,46.080961258779
2016,NT,Q1,42.2402383188393,52.4277458544151
2016,NT,Q2,43.7664049735484,54.321993630685
2016,NT,Q3,42.0574270780644,52.20084416891
2016,NT,Q4,45.255649901102,56.1704148916496
2016,NT,Q5,46.5217580942795,57.7418832644143
2016,Qld,Q1,31.4791293591987,38.964429084296
2016,Qld,Q2,34.689773388157,42.9385196683707
2016,Qld,Q3,35.4744404796225,43.9097696953748
2016,Qld,Q4,35.5297268944567,43.9782024517433
2016,Qld,Q5,37.0414173576987,45.8493519101761
2016,SA,Q1,26.9463461081415,33.2839685427123
2016,SA,Q2,29.2334668294718,36.1090066327241
2016,SA,Q3,29.3450550821143,36.2468397873858
2016,SA,Q4,30.7545287724661,37.9878134163586
2016,SA,Q5,33.7860521016133,41.7323332380404
2016,Tas,Q1,33.0426765541018,41.8099427997307
2016,Tas,Q2,33.8608793837098,42.8452406954226
2016,Tas,Q3,35.7822912209799,45.2764638101558
2016,Tas,Q4,36.2249241796138,45.836541280014
2016,Tas,Q5,38.4883247060328,48.7004934900449
2016,Vic,Q1,29.8822109693919,36.6456073086805
2016,Vic,Q2,31.1528229997315,38.2038035731137
2016,Vic,Q3,32.4431922322293,39.7862287901015
2016,Vic,Q4,34.0649166177806,41.775006496567
2016,Vic,Q5,38.2737347395251,46.9364283298139
2016,WA,Q1,35.6617616666193,42.2255952982706
2016,WA,Q2,35.9392755852036,42.5541878822636
2016,WA,Q3,36.3626834728971,43.0555273920437
2016,WA,Q4,36.8807074664427,43.668897861813
2016,WA,Q5,38.3958503846541,45.4629150021193
2017,ACT,Q1,44.8476450065416,55.5901328495729
2017,ACT,Q4,41.1736163659356,51.0360533612378
2017,ACT,Q5,44.0897927006226,54.6507499597857
2017,Aus,Q1,31.9746509949356,38.8418877056483
2017,Aus,Q2,34.257458445996,41.6149766341794
2017,Aus,Q3,34.991011456851,42.5060757638707
2017,Aus,Q4,36.4684962653881,44.3008818754086
2017,Aus,Q5,39.5655847672598,48.0631360380329
2017,NSW,Q1,30.9462375256686,37.4246315052069
2017,NSW,Q2,32.8029325606417,39.6700135954782
2017,NSW,Q3,33.523728031331,40.5417029198683
2017,NSW,Q4,36.1859521339976,43.7612463601311
2017,NSW,Q5,39.0638805690666,47.241650434826
2017,NT,Q1,44.3894663911087,54.6095612342949
2017,NT,Q2,45.8757208883539,56.4380064168059
2017,NT,Q3,42.3757167179262,52.1321720014694
2017,NT,Q4,47.3378939898199,58.2368257766989
2017,NT,Q5,48.1180798324218,59.1966392191563
2017,Qld,Q1,33.0550594592881,40.5794164280243
2017,Qld,Q2,36.4297804712349,44.722328633064
2017,Qld,Q3,37.281242508055,45.7676098435646
2017,Qld,Q4,37.4554550427557,45.9814785555936
2017,Qld,Q5,38.9502582512582,47.8165453462154
2017,SA,Q1,28.0244354243038,34.1851545658772
2017,SA,Q2,30.7970113060754,37.5672364393906
2017,SA,Q3,30.6243396971386,37.3566057682898
2017,SA,Q4,32.4027754646065,39.5260018926324
2017,SA,Q5,35.376754018459,43.1537615602146
2017,Tas,Q1,34.649514278137,43.3955837788746
2017,Tas,Q2,35.6218047756892,44.6132953290348
2017,Tas,Q3,37.1341311079739,46.5073560517003
2017,Tas,Q4,37.7317834297532,47.2558649973734
2017,Tas,Q5,40.0945276519932,50.2150021449023
2017,Vic,Q1,31.156382850634,37.8319859130901
2017,Vic,Q2,32.793445585824,39.8198076263315
2017,Vic,Q3,33.8965474179343,41.1592613483239
2017,Vic,Q4,35.4721050702416,43.0723998276239
2017,Vic,Q5,39.9250301329684,48.4794138270586
2017,WA,Q1,37.5401342227819,44.552938786321
2017,WA,Q2,37.3665318777717,44.3469061012885
2017,WA,Q3,37.7947764795715,44.8551503024501
2017,WA,Q4,38.4888195648332,45.6788463209361
2017,WA,Q5,39.6835667549073,47.0967820722739
2018,ACT,Q1,45.3,55.6442836434612
2018,ACT,Q4,42.6784664354915,52.4241212318857
2018,ACT,Q5,45.5733414632422,55.9800428026702
2018,Aus,Q1,33.2880830037366,40.009107356926
2018,Aus,Q2,35.4530789640384,42.6112264333927
2018,Aus,Q3,36.3025030515327,43.6321533370026
2018,Aus,Q4,37.9054465849969,45.5587388934692
2018,Aus,Q5,40.8580546566034,49.1074927615298
2018,NSW,Q1,32.147345734059,38.4019085043351
2018,NSW,Q2,33.9823854220149,40.5939720974438
2018,NSW,Q3,34.7689665489775,41.5335898412767
2018,NSW,Q4,37.7251333728183,45.0649062003879
2018,NSW,Q5,40.2354250916956,48.0635983383017
2018,NT,Q1,44.7209143871398,54.0416136716266
2018,NT,Q2,46.6426154830628,56.3638342621805
2018,NT,Q3,42.6443022707012,51.5321956223689
2018,NT,Q4,49.0464821869852,59.2687130534965
2018,NT,Q5,49.4583129013428,59.7663772150732
2018,Qld,Q1,34.3113309773195,41.7878798360588
2018,Qld,Q2,37.6532293684733,45.8579885848616
2018,Qld,Q3,38.5978671152868,47.0084659207171
2018,Qld,Q4,39.2678473201572,47.8244369569958
2018,Qld,Q5,40.1150619895123,48.8562624149403
2018,SA,Q1,29.4380290101164,35.473372493941
2018,SA,Q2,31.9297699560533,38.4759666792803
2018,SA,Q3,31.8440819908182,38.3727110874066
2018,SA,Q4,33.5370860345893,40.412812449417
2018,SA,Q5,36.4435300198992,43.9151315105282
2018,Tas,Q1,36.4873618627951,45.2031476347914
2018,Tas,Q2,37.1029868397673,45.9658277876176
2018,Tas,Q3,38.855498430932,48.136964206989
2018,Tas,Q4,39.5479533807572,48.9948268128166
2018,Tas,Q5,41.8126341931236,51.8004750121034
2018,Vic,Q1,32.4583769394062,38.9030752933758
2018,Vic,Q2,34.1707128055353,40.9554000677145
2018,Vic,Q3,35.3945312495474,42.4222109671537
2018,Vic,Q4,36.8780574984127,44.200295357111
2018,Vic,Q5,41.4400498293919,49.6680835792763
2018,WA,Q1,38.4359313709712,45.4774141179489
2018,WA,Q2,38.3325146728798,45.3550514266323
2018,WA,Q3,38.9741699829014,46.114258325333
2018,WA,Q4,39.410179052445,46.630144484652
2018,WA,Q5,40.824252159844,48.3032765255425
2019,ACT,Q1,45.7972674418605,55.4297975753846
2019,ACT,Q4,43.5308388987291,52.6866715684818
2019,ACT,Q5,46.5050483049881,56.2864458463912
2019,Aus,Q1,34.5561570746036,40.866653745986
2019,Aus,Q2,36.4535113658427,43.1104947114651
2019,Aus,Q3,37.1518531505446,43.9363646671478
2019,Aus,Q4,38.8417842641794,45.9349037271012
2019,Aus,Q5,41.8639927640944,49.5090149353458
2019,NSW,Q1,33.6308013396643,39.5727625801146
2019,NSW,Q2,34.9898063464435,41.1718794710653
2019,NSW,Q3,35.7259141371365,42.0380443459448
2019,NSW,Q4,38.7448802911694,45.5904078369105
2019,NSW,Q5,41.2612650434172,48.5513927791123
2019,NT,Q1,44.4124248983478,53.0240579501961
2019,NT,Q2,45.2439233724769,54.0167851741348
2019,NT,Q3,42.8415366332541,51.1485721915991
2019,NT,Q4,48.2149319561386,57.5638765944114
2019,NT,Q5,49.1800598375055,58.7161441598073
2019,Qld,Q1,35.3208426641888,42.2864591352008
2019,Qld,Q2,38.6413195611821,46.2617666313735
2019,Qld,Q3,39.335758072017,47.0931552250579
2019,Qld,Q4,39.9796013190766,47.8639706728973
2019,Qld,Q5,41.0749026734581,49.1752761930723
2019,SA,Q1,30.6884058209609,36.2933514823176
2019,SA,Q2,33.1458915956678,39.1996736778913
2019,SA,Q3,32.214935096149,38.0986868215228
2019,SA,Q4,34.05558803591,40.2755175272116
2019,SA,Q5,36.7488960154459,43.460732612078
2019,Tas,Q1,37.5257536858528,45.2358371988057
2019,Tas,Q2,38.2538385182103,46.1135151588318
2019,Tas,Q3,40.0683738181466,48.3008669201463
2019,Tas,Q4,41.0362872646159,49.4676489507901
2019,Tas,Q5,43.3652299252407,52.2750987870634
2019,Vic,Q1,33.990042078834,39.9562005964825
2019,Vic,Q2,35.3805487401156,41.5907782460204
2019,Vic,Q3,36.5870471645936,43.0090493077617
2019,Vic,Q4,38.2327889738892,44.9436626780459
2019,Vic,Q5,42.7396532266712,50.2416017546618
2019,WA,Q1,39.0908964317821,46.0580182792335
2019,WA,Q2,39.0072125550852,45.9594195292839
2019,WA,Q3,39.5992699945415,46.6569986297381
2019,WA,Q4,39.7261754377786,46.8065222722709
2019,WA,Q5,41.2773211006798,48.6341266972636
2020,ACT,Q1,46.2666212534061,54.726791301415
2020,ACT,Q4,44.4386760094441,52.564593691851
2020,ACT,Q5,47.1039781151808,55.7172646270586
2020,Aus,Q1,36.4987912250901,41.6462960620677
2020,Aus,Q2,38.2681055031242,43.6651406258624
2020,Aus,Q3,38.8558988248466,44.3358317331046
2020,Aus,Q4,40.540862710639,46.2584297832384
2020,Aus,Q5,43.4817135253307,49.6140352592585
2020,NSW,Q1,35.4708730294542,40.1112151150455
2020,NSW,Q2,36.4986888882409,41.2734910752739
2020,NSW,Q3,37.2786111441142,42.1554436946065
2020,NSW,Q4,40.4638376388104,45.7573653336034
2020,NSW,Q5,43.2135349653423,48.8667813571165
2020,NT,Q1,45.1819911639858,52.2829751495267
2020,NT,Q2,47.3487754112546,54.7902999494269
2020,NT,Q3,43.4333382043488,50.2594968370719
2020,NT,Q4,48.9466573628987,56.6393114740955
2020,NT,Q5,49.1986231884058,56.9308772651141
2020,Qld,Q1,37.5224697889704,43.3679359235801
2020,Qld,Q2,41.4315912854896,47.8860428480972
2020,Qld,Q3,41.3075098343379,47.7426312748956
2020,Qld,Q4,42.0270941518544,48.574316575708
2020,Qld,Q5,43.000443419117,49.6992997895347
2020,SA,Q1,32.4348752149053,37.2641255033928
2020,SA,Q2,34.6582932610177,39.8185897511469
2020,SA,Q3,33.0637673937434,37.9866538598317
2020,SA,Q4,35.4326427498704,40.7082326538838
2020,SA,Q5,37.9638635841294,43.6163286530101
2020,Tas,Q1,39.3585583841046,46.293485241729
2020,Tas,Q2,40.2489918638831,47.3408119439061
2020,Tas,Q3,41.9726151108656,49.3681353678938
2020,Tas,Q4,43.1444534371342,50.746450084947
2020,Tas,Q5,45.3281474972,53.3149082016176
2020,Vic,Q1,35.7931516098376,40.4988520358229
2020,Vic,Q2,37.2074978586816,42.0991413896001
2020,Vic,Q3,38.6815715457699,43.7670105058497
2020,Vic,Q4,39.8225212013475,45.0579600088508
2020,Vic,Q5,44.4312696098085,50.2726173237238
2020,WA,Q1,40.2156962856457,46.2945148609409
2020,WA,Q2,38.9497957995288,44.8372667145765
2020,WA,Q3,40.6846474362698,46.8343504976888
2020,WA,Q4,40.7966121442569,46.9632392728823
2020,WA,Q5,42.3078146041774,48.7028681044153
2021,ACT,Q1,47.4592006661115,53.8317398557366
2021,ACT,Q4,45.5093611617999,51.6200874999587
2021,ACT,Q5,47.9048892243961,54.3372728227801
2021,Aus,Q1,37.5071835487684,41.7197027943986
2021,Aus,Q2,38.9789652632013,43.3567837451593
2021,Aus,Q3,39.6809797206395,44.1376430833075
2021,Aus,Q4,41.2858186140005,45.9227251750315
2021,Aus,Q5,44.0587745113704,49.0071182153627
2021,NSW,Q1,36.5836004821466,39.6513740445552
2021,NSW,Q2,37.2668339738656,40.3919011217939
2021,NSW,Q3,38.0325502017998,41.2218276507758
2021,NSW,Q4,41.0876341780711,44.5331003490379
2021,NSW,Q5,43.9088711730488,47.5909164710675
2021,NT,Q1,49.1393508733776,57.1576834362491
2021,NT,Q2,49.9223790856292,58.0684825795438
2021,NT,Q3,45.093624937434,52.4517946077142
2021,NT,Q4,51.5074823000383,59.9122356233404
2021,NT,Q5,52.0331483327795,60.5236774140557
2021,Qld,Q1,38.5191616056741,43.9485580425891
2021,Qld,Q2,42.1021877589293,48.0366229510749
2021,Qld,Q3,42.2247231613369,48.1764301021264
2021,Qld,Q4,42.6923439527436,48.7099635082645
2021,Qld,Q5,43.5241385316999,49.6590021375836
2021,SA,Q1,32.715177409497,37.1379035962369
2021,SA,Q2,34.9687273457237,39.6961082861677
2021,SA,Q3,33.2215788895995,37.7127648942099
2021,SA,Q4,35.8110999545273,40.6523602528398
2021,SA,Q5,38.0678543184183,43.2142025732254
2021,Tas,Q1,40.4201677177676,46.7140807703448
2021,Tas,Q2,40.6483435644007,46.9777863789876
2021,Tas,Q3,42.4750794439754,49.088967312733
2021,Tas,Q4,44.4232831634395,51.3405301103838
2021,Tas,Q5,46.0583938937568,53.2302475221926
2021,Vic,Q1,37.013850101806,41.1007308645579
2021,Vic,Q2,38.2403543007759,42.4626594088045
2021,Vic,Q3,39.9837495594273,44.398551490263
2021,Vic,Q4,40.5989655680168,45.0816965163291
2021,Vic,Q5,44.8384821856041,49.7893189607928
2021,WA,Q1,41.2915736349123,47.1859599034336
2021,WA,Q2,39.2973382297782,44.9070467116849
2021,WA,Q3,41.2587775570707,47.1484821742556
2021,WA,Q4,41.9299456221253,47.9154597103056
2021,WA,Q5,42.9929235257735,49.1301780735062
2022,ACT,Q1,47.5214653954802,51.0880070241225
2022,ACT,Q4,46.9598741699559,50.4842677194629
2022,ACT,Q5,49.4125079542279,53.1209745414374
2022,Aus,Q1,38.4907554553192,41.4556040554826
2022,Aus,Q2,40.1972205466901,43.2935139724364
2022,Aus,Q3,40.4136340987191,43.5265973302201
2022,Aus,Q4,42.2454930219831,45.4995598587547
2022,Aus,Q5,45.5480573474849,49.0565126238074
2022,NSW,Q1,37.5598591400181,40.3402861816405
2022,NSW,Q2,38.8380824808721,41.7131319950893
2022,NSW,Q3,39.0754572319373,41.9680787816193
2022,NSW,Q4,41.9238922514934,45.0273736376076
2022,NSW,Q5,44.9668592164607,48.2956009690906
2022,NT,Q1,43.8771568226767,47.4338367399687
2022,NT,Q2,36.2455851968128,39.1836503381114
2022,NT,Q3,43.6232527362072,47.1593512022235
2022,NT,Q4,35.6767214047919,38.5686744784164
2022,NT,Q5,38.8247948344656,41.9719305670471
2022,Qld,Q1,39.787802143784,43.0014824668362
2022,Qld,Q2,43.6110166826956,47.1334999220311
2022,Qld,Q3,42.8928211998155,46.3572954372188
2022,Qld,Q4,43.4623660760574,46.9728427328771
2022,Qld,Q5,45.3098741110685,48.9695748993781
2022,SA,Q1,33.0785301240946,35.829632508087
2022,SA,Q2,34.6818291686948,37.5662760455443
2022,SA,Q3,33.3694271645497,36.1447231127208
2022,SA,Q4,36.5858507434704,39.6286528517612
2022,SA,Q5,38.6430991480707,41.8570001827384
2022,Tas,Q1,42.6983929998488,46.4409020773167
2022,Tas,Q2,42.3332778000199,46.0437845735677
2022,Tas,Q3,44.9372243015991,48.875966676881
2022,Tas,Q4,48.0257062768997,52.2351537306655
2022,Tas,Q5,48.9745645669189,53.2671793371605
2022,Vic,Q1,37.8333183229012,40.6914846544597
2022,Vic,Q2,40.0171648382326,43.0403126427387
2022,Vic,Q3,40.5489228458385,43.6122429878833
2022,Vic,Q4,41.960524977309,45.1304864044584
2022,Vic,Q5,46.8309761874431,50.3688820689883
2022,WA,Q1,41.5725900568558,44.7314851049106
2022,WA,Q2,40.6675873298845,43.7577157067073
2022,WA,Q3,41.8957872166225,45.0792404147983
2022,WA,Q4,42.5911709324795,45.8274628922892
2022,WA,Q5,44.6143728295462,48.0043978727437
2023,ACT,Q1,50.0079594345421,50.0079594345421
2023,ACT,Q4,47.1787355911912,47.1787355911912
2023,ACT,Q5,51.060546732955,51.060546732955
2023,Aus,Q1,38.7500999773071,38.7500999773071
2023,Aus,Q2,40.8124197561319,40.8124197561319
2023,Aus,Q3,40.8925572818506,40.8925572818506
2023,Aus,Q4,42.4473219987154,42.4473219987154
2023,Aus,Q5,46.8107615265868,46.8107615265868
2023,NSW,Q1,37.8650061725701,37.8650061725701
2023,NSW,Q2,41.0092037367897,41.0092037367897
2023,NSW,Q3,40.5692231881162,40.5692231881162
2023,NSW,Q4,42.5671419294345,42.5671419294345
2023,NSW,Q5,46.1492348871753,46.1492348871753
2023,NT,Q1,44.091563266626,44.091563266626
2023,NT,Q2,36.7025370301211,36.7025370301211
2023,NT,Q3,43.8203067114673,43.8203067114672
2023,NT,Q4,38.1767943728395,38.1767943728395
2023,NT,Q5,41.4778590263692,41.4778590263692
2023,Qld,Q1,39.9946456033621,39.9946456033621
2023,Qld,Q2,43.1489583256992,43.1489583256992
2023,Qld,Q3,42.7684221194096,42.7684221194096
2023,Qld,Q4,43.5437901596385,43.5437901596385
2023,Qld,Q5,46.5416472991158,46.5416472991158
2023,SA,Q1,32.7664418892276,32.7664418892276
2023,SA,Q2,34.8242053369421,34.8242053369421
2023,SA,Q3,34.5668939906885,34.5668939906885
2023,SA,Q4,37.0276740497636,37.0276740497636
2023,SA,Q5,40.3304420052746,40.3304420052746
2023,Tas,Q1,45.7836083745917,45.7836083745917
2023,Tas,Q2,45.4677014632018,45.4677014632018
2023,Tas,Q3,48.884630572388,48.884630572388
2023,Tas,Q4,52.3471596409837,52.3471596409837
2023,Tas,Q5,53.5688531914893,53.5688531914893
2023,Vic,Q1,37.9533976925652,37.9533976925652
2023,Vic,Q2,40.6397121512373,40.6397121512373
2023,Vic,Q3,40.1642172482043,40.1642172482043
2023,Vic,Q4,41.9030256290782,41.9030256290781
2023,Vic,Q5,47.9823050956468,47.9823050956468
2023,WA,Q1,41.3592363965048,41.3592363965048
2023,WA,Q2,40.2990221516521,40.2990221516521
2023,WA,Q3,41.3701321347565,41.3701321347565
2023,WA,Q4,42.4757394983795,42.4757394983795
2023,WA,Q5,46.1634728044087,46.1634728044087
